Type,Name,Request Count,Failure Count,Median Response Time,Average Response Time,Min Response Time,Max Response Time,Average Content Size,Requests/s,Failures/s,50%,66%,75%,80%,90%,95%,98%,99%,99.9%,99.99%,100%
GET,Imagem 253kb (arquivo),773,0,330.0,403.488235551099,19.695439000315673,2172.8157340003236,128743.0,8.700155270357,0.0,330,450,530,580,760,920,1200,1300,2200,2200,2200
GET,Imagem 253kb (pagina),773,0,12000.0,13746.088868557605,893.0268579997573,36712.13343199997,30707.0,8.700155270357,0.0,12000,14000,19000,21000,27000,35000,36000,36000,37000,37000,37000
GET,Texto leve,798,0,12000.0,14147.463720542626,871.1404480000056,36755.79769200067,31820.0,8.981531572761817,0.0,12000,15000,18000,21000,27000,35000,36000,36000,37000,37000,37000
,Aggregated,2344,0,7600.0,9482.63615634342,19.695439000315673,36755.79769200067,63416.045221843,26.381842113475816,0.0,7600,12000,14000,15000,25000,29000,35000,36000,37000,37000,37000
