Type,Name,Request Count,Failure Count,Median Response Time,Average Response Time,Min Response Time,Max Response Time,Average Content Size,Requests/s,Failures/s,50%,66%,75%,80%,90%,95%,98%,99%,99.9%,99.99%,100%
GET,Imagem 253kb (arquivo),304,0,2900.0,5929.391503661148,177.70495400145592,16365.033872998538,128743.0,5.522733363256712,0.0,2900,9100,9300,9400,13000,13000,14000,14000,16000,16000,16000
GET,Imagem 253kb (pagina),304,0,14000.0,14304.894401565758,4102.591707000101,24732.41578499983,30707.0,5.522733363256712,0.0,14000,17000,18000,19000,20000,23000,24000,24000,25000,25000,25000
GET,Imagem 530kb (arquivo),266,0,3000.0,5955.067860688001,289.18990599959216,14305.44510099935,191722.0,4.832391692849623,0.0,7500,9200,9300,9400,13000,13000,14000,14000,14000,14000,14000
GET,Imagem 530kb (pagina),266,0,14000.0,14252.575121793307,4642.471328001193,24768.35164000113,30617.0,4.832391692849623,0.0,14000,17000,18000,19000,20000,21000,24000,25000,25000,25000,25000
GET,Texto leve,287,0,14000.0,14517.745697264825,4291.008501999386,24981.09586499959,31820.0,5.213896300179857,0.0,14000,18000,19000,19000,20000,21000,25000,25000,25000,25000,25000
,Aggregated,1427,0,12000.0,10997.231228902603,177.70495400145592,24981.09586499959,81813.11422564821,25.924146412392528,0.0,12000,14000,16000,18000,19000,20000,24000,24000,25000,25000,25000
