Type,Name,Request Count,Failure Count,Median Response Time,Average Response Time,Min Response Time,Max Response Time,Average Content Size,Requests/s,Failures/s,50%,66%,75%,80%,90%,95%,98%,99%,99.9%,99.99%,100%
GET,Texto leve,2628,0,720.0,1031.064723033101,215.7467629999701,6770.18813299992,31820.0,29.48835956784792,0.0,720,950,1200,1400,1800,2600,4500,5600,6600,6800,6800
,Aggregated,2628,0,720.0,1031.064723033101,215.7467629999701,6770.18813299992,31820.0,29.48835956784792,0.0,720,950,1200,1400,1800,2600,4500,5600,6600,6800,6800
