Type,Name,Request Count,Failure Count,Median Response Time,Average Response Time,Min Response Time,Max Response Time,Average Content Size,Requests/s,Failures/s,50%,66%,75%,80%,90%,95%,98%,99%,99.9%,99.99%,100%
GET,Imagem 253kb (arquivo),410,0,440.0,755.0904292487626,86.70838399848435,5948.935586000516,128743.0,6.920673080425106,0.0,440,630,720,780,1300,2200,5900,5900,5900,5900,5900
GET,Imagem 253kb (pagina),413,0,5300.0,6097.7041867457465,2199.0514490007627,12708.010843000011,30707.0,6.97131215174529,0.0,5300,7100,7500,8000,9700,11000,12000,12000,13000,13000,13000
GET,Imagem 530kb (arquivo),441,0,450.0,752.1209361246807,61.26530000074126,5957.535732000906,191722.0,7.443943484067005,0.0,450,670,760,830,1300,2000,5800,5900,6000,6000,6000
GET,Imagem 530kb (pagina),445,0,5200.0,5893.422801903389,2172.836705998634,12725.066629998764,30617.0,7.51146224582725,0.0,5200,7000,7600,8100,9400,11000,12000,12000,13000,13000,13000
GET,Texto leve,466,0,5600.0,6138.446244884063,2304.4025049985066,12725.895065999794,31820.0,7.865935745068536,0.0,5600,7200,7800,8600,9900,11000,11000,12000,13000,13000,13000
,Aggregated,2175,0,3700.0,3973.6613034077905,61.26530000074126,12725.895065999794,82054.5783908046,36.713326707133184,0.0,3700,5200,6500,7100,8900,10000,11000,12000,13000,13000,13000
