Type,Name,Request Count,Failure Count,Median Response Time,Average Response Time,Min Response Time,Max Response Time,Average Content Size,Requests/s,Failures/s,50%,66%,75%,80%,90%,95%,98%,99%,99.9%,99.99%,100%
GET,Texto leve,1162,0,13000.0,13268.126724339938,4740.529384000183,20469.87076699952,31820.0,20.30159979079666,0.0,13000,15000,17000,17000,19000,19000,20000,20000,20000,20000,20000
,Aggregated,1162,0,13000.0,13268.126724339938,4740.529384000183,20469.87076699952,31820.0,20.30159979079666,0.0,13000,15000,17000,17000,19000,19000,20000,20000,20000,20000,20000
