Type,Name,Request Count,Failure Count,Median Response Time,Average Response Time,Min Response Time,Max Response Time,Average Content Size,Requests/s,Failures/s,50%,66%,75%,80%,90%,95%,98%,99%,99.9%,99.99%,100%
GET,Imagem 253kb (arquivo),1399,1,250.0,654.9095723852681,12.445372000001953,60080.37553600025,128651.09435310937,15.540486901213592,0.011108282273919651,250,320,380,430,590,900,1200,2600,49000,60000,60000
GET,Imagem 253kb (pagina),1439,49,5100.0,8986.891338312045,133.96142000055988,60138.289562000864,29667.069492703267,15.984818192170378,0.5443058314220629,5100,6000,6800,7500,15000,56000,60000,60000,60000,60000,60000
GET,Texto leve,1409,34,5100.0,8829.90775288929,136.80727900009515,60106.615587000306,31056.194464158976,15.651569723952788,0.3776815973132681,5100,5900,6900,7400,15000,53000,60000,60000,60000,60000,60000
,Aggregated,4247,84,4000.0,6190.180162801747,12.445372000001953,60138.289562000864,62734.15870025901,47.17687481733676,0.9330957110092507,4000,5100,5700,6400,8500,32000,60000,60000,60000,60000,60000
