Type,Name,Request Count,Failure Count,Median Response Time,Average Response Time,Min Response Time,Max Response Time,Average Content Size,Requests/s,Failures/s,50%,66%,75%,80%,90%,95%,98%,99%,99.9%,99.99%,100%
GET,Texto leve,1084,0,8600.0,8106.255487963984,1692.5447610010451,16270.022183000037,31820.0,18.461690177774123,0.0,8600,11000,11000,11000,13000,15000,16000,16000,16000,16000,16000
,Aggregated,1084,0,8600.0,8106.255487963984,1692.5447610010451,16270.022183000037,31820.0,18.461690177774123,0.0,8600,11000,11000,11000,13000,15000,16000,16000,16000,16000,16000
