Type,Name,Request Count,Failure Count,Median Response Time,Average Response Time,Min Response Time,Max Response Time,Average Content Size,Requests/s,Failures/s,50%,66%,75%,80%,90%,95%,98%,99%,99.9%,99.99%,100%
GET,Imagem 253kb (arquivo),835,0,85,94.97707612814219,15.421112000694848,2000.71066000055,128743.0,14.150534591147196,0.0,85,100,120,120,150,180,210,230,2000,2000,2000
GET,Imagem 253kb (pagina),845,0,880.0,1081.8877269999757,177.91084899909038,3730.6776690002152,30707.0,14.320002071280694,0.0,880,1000,1200,1400,2300,2500,2800,2900,3700,3700,3700
GET,Texto leve,840,0,860.0,1048.5565554238124,149.87657299934654,4035.353450999537,31820.0,14.235268331213945,0.0,860,1000,1200,1300,2200,2500,3000,3100,4000,4000,4000
,Aggregated,2520,0,690.0,743.7652755706265,15.421112000694848,4035.353450999537,63562.15079365079,42.705804993641834,0.0,690,870,970,1100,1800,2400,2700,3000,3700,4000,4000
