Type,Name,Request Count,Failure Count,Median Response Time,Average Response Time,Min Response Time,Max Response Time,Average Content Size,Requests/s,Failures/s,50%,66%,75%,80%,90%,95%,98%,99%,99.9%,99.99%,100%
GET,Imagem 253kb (arquivo),1106,0,430.0,728.5081757459266,44.40265799894405,5187.754025999311,128743.0,18.473140344345786,0.0,440,580,790,920,1500,2500,4900,5000,5200,5200,5200
GET,Imagem 253kb (pagina),1118,560,2400.0,3364.190913601069,130.68021399885765,12466.15427100005,16651.400715563504,18.673572246816086,9.353488781947235,2400,4300,5600,6200,8000,9800,11000,11000,12000,12000,12000
GET,Imagem 530kb (arquivo),1146,0,450.0,781.3726277565569,62.9990679990442,5194.301154999266,191722.0,19.141246685913448,0.0,450,620,810,970,1800,2600,4900,5100,5200,5200,5200
GET,Imagem 530kb (pagina),1157,554,2600.0,3396.8226779585657,94.54969000034907,12610.656319000555,17223.798617113225,19.324975929844552,9.253272830712085,2600,4600,5600,6100,7400,9500,11000,11000,13000,13000,13000
GET,Texto leve,1020,518,2200.0,3222.481939921568,115.48278800000844,12546.028610999201,17004.18431372549,17.036711709975318,8.651977123301192,2200,4300,5400,5900,7300,9400,11000,11000,12000,13000,13000
,Aggregated,5547,1632,900.0,2285.8128596192523,44.40265799894405,12610.656319000555,75354.54101316027,92.6496469168952,27.25873873596051,900,2200,3600,4700,6400,8100,10000,11000,12000,13000,13000
