Type,Name,Request Count,Failure Count,Median Response Time,Average Response Time,Min Response Time,Max Response Time,Average Content Size,Requests/s,Failures/s,50%,66%,75%,80%,90%,95%,98%,99%,99.9%,99.99%,100%
GET,Texto leve,1080,0,9900.0,12097.985043057439,688.6453600000095,59863.766977000065,31820.0,11.967483559574694,0.0,9900,13000,15000,17000,26000,31000,35000,38000,56000,60000,60000
,Aggregated,1080,0,9900.0,12097.985043057439,688.6453600000095,59863.766977000065,31820.0,11.967483559574694,0.0,9900,13000,15000,17000,26000,31000,35000,38000,56000,60000,60000
