Type,Name,Request Count,Failure Count,Median Response Time,Average Response Time,Min Response Time,Max Response Time,Average Content Size,Requests/s,Failures/s,50%,66%,75%,80%,90%,95%,98%,99%,99.9%,99.99%,100%
GET,Texto leve,3988,2696,1100.0,2829.3143509455786,81.07673700033047,13483.110211000167,12097.55667001003,67.495590853434,45.62891498015498,1100,2600,5100,6400,8600,9700,11000,12000,13000,13000,13000
,Aggregated,3988,2696,1100.0,2829.3143509455786,81.07673700033047,13483.110211000167,12097.55667001003,67.495590853434,45.62891498015498,1100,2600,5100,6400,8600,9700,11000,12000,13000,13000,13000
