Type,Name,Request Count,Failure Count,Median Response Time,Average Response Time,Min Response Time,Max Response Time,Average Content Size,Requests/s,Failures/s,50%,66%,75%,80%,90%,95%,98%,99%,99.9%,99.99%,100%
GET,Imagem 253kb (arquivo),772,0,88,113.18074838991473,16.584003000389202,1031.1464659989724,128743.0,13.488554198525835,0.0,88,110,140,150,200,280,350,410,1000,1000,1000
GET,Imagem 253kb (pagina),774,0,850.0,1221.0112940039162,189.50861400116992,4852.795414000866,30707.0,13.523498639454658,0.0,850,1400,1700,1900,2600,3200,3600,3900,4900,4900,4900
GET,Texto leve,804,0,820.0,1208.9008094453623,177.5114290012425,4474.197237001135,31820.0,14.047665253387008,0.0,830,1300,1600,1900,2600,3200,3900,4100,4500,4500,4500
,Aggregated,2350,0,550.0,852.9338426000496,16.584003000389202,4852.795414000866,63293.657021276595,41.0597180913675,0.0,550,830,1200,1500,2200,2900,3600,3900,4700,4900,4900
