Type,Name,Request Count,Failure Count,Median Response Time,Average Response Time,Min Response Time,Max Response Time,Average Content Size,Requests/s,Failures/s,50%,66%,75%,80%,90%,95%,98%,99%,99.9%,99.99%,100%
GET,Imagem 253kb (arquivo),670,0,280.0,534.1601287208712,41.16485600025044,4741.576174999864,128743.0,11.346368732113856,0.0,280,360,490,620,1400,2200,2900,3000,4700,4700,4700
GET,Imagem 253kb (pagina),671,75,5100.0,5774.541919883781,185.51949100037746,21140.834133999306,27570.524590163935,11.363303610818503,1.270115902848566,5100,5800,6300,6600,14000,17000,19000,20000,21000,21000,21000
GET,Texto leve,641,97,4900.0,5724.678705185624,212.4591589999909,21245.374647998688,27405.21372854914,10.855257249679077,1.642683234350812,4900,5800,6200,6500,14000,17000,20000,20000,21000,21000,21000
,Aggregated,1982,172,3100.0,3986.944482597878,41.16485600025044,21245.374647998688,61717.645812310795,33.564929592611435,2.9127991371993778,3100,4900,5700,6000,6900,16000,18000,20000,21000,21000,21000
