Type,Name,Request Count,Failure Count,Median Response Time,Average Response Time,Min Response Time,Max Response Time,Average Content Size,Requests/s,Failures/s,50%,66%,75%,80%,90%,95%,98%,99%,99.9%,99.99%,100%
GET,Imagem 253kb (arquivo),1676,0,390.0,619.6056499856572,45.427540000673616,4895.594654999513,128743.0,28.26154974302653,0.0,390,530,620,680,980,2500,4000,4500,4800,4900,4900
GET,Imagem 253kb (pagina),1698,1091,1100.0,3111.409385634837,46.14450100052636,13755.635659999825,12677.229093050648,28.63252473965337,18.396987332721924,1100,3800,5800,7000,8300,9500,11000,12000,13000,14000,14000
GET,Texto leve,1608,965,1400.0,3418.565952673482,70.96501600062766,13637.900009000077,14311.971393034826,27.11489975345266,16.27231235204093,1400,4500,6700,7300,8400,10000,11000,13000,13000,14000,14000
,Aggregated,4982,2056,690.0,2372.2774504381596,45.427540000673616,13755.635659999825,52250.67302288238,84.00897423613256,34.669299684762855,690,1400,3800,4800,7700,8800,11000,12000,13000,14000,14000
