Type,Name,Request Count,Failure Count,Median Response Time,Average Response Time,Min Response Time,Max Response Time,Average Content Size,Requests/s,Failures/s,50%,66%,75%,80%,90%,95%,98%,99%,99.9%,99.99%,100%
GET,Texto leve,1342,0,630.0,1961.824126261562,180.70104899925354,25503.656122000393,31820.0,23.34281935017583,0.0,630,830,990,1100,3000,14000,21000,23000,25000,26000,26000
,Aggregated,1342,0,630.0,1961.824126261562,180.70104899925354,25503.656122000393,31820.0,23.34281935017583,0.0,630,830,990,1100,3000,14000,21000,23000,25000,26000,26000
