Type,Name,Request Count,Failure Count,Median Response Time,Average Response Time,Min Response Time,Max Response Time,Average Content Size,Requests/s,Failures/s,50%,66%,75%,80%,90%,95%,98%,99%,99.9%,99.99%,100%
GET,Imagem 253kb (arquivo),765,0,920.0,1152.6775494509322,258.3616779993463,3928.3256760008953,128743.0,12.731064596932345,0.0,920,1100,1300,1500,2200,3000,3400,3500,3900,3900,3900
GET,Imagem 253kb (pagina),785,608,1700.0,5295.136849968127,289.8455200011085,29170.708462999755,8973.129936305733,13.063902887048224,10.1182840195227,1700,2700,7800,9200,18000,20000,22000,23000,29000,29000,29000
GET,Imagem 530kb (arquivo),751,0,920.0,1141.274057095868,193.16052199974365,3652.156267000464,191722.0,12.49807779385123,0.0,920,1100,1300,1400,2000,2900,3300,3500,3700,3700,3700
GET,Imagem 530kb (pagina),795,619,1700.0,5281.534431696894,357.7403580002283,23372.48718799856,8838.322012578616,13.230322032106164,10.301345079086435,1700,2500,7500,8800,19000,21000,22000,22000,23000,23000,23000
GET,Texto leve,779,594,1900.0,5707.8502495301655,353.7395449984615,27717.092943001262,9574.356867779205,12.96405140001346,9.885297216441586,1900,3000,8400,14000,19000,21000,22000,23000,28000,28000,28000
,Aggregated,3875,1821,1300.0,3752.46781600438,193.16052199974365,29170.708462999755,68129.13909677419,64.48741870995143,30.30492631505072,1300,1800,2500,3100,16000,20000,21000,22000,24000,29000,29000
