Type,Name,Request Count,Failure Count,Median Response Time,Average Response Time,Min Response Time,Max Response Time,Average Content Size,Requests/s,Failures/s,50%,66%,75%,80%,90%,95%,98%,99%,99.9%,99.99%,100%
GET,Texto leve,1227,0,1500.0,1999.2801973952812,282.94352000011713,8430.243119999432,31820.0,21.033488135916457,0.0,1500,2100,2700,2900,4300,5200,6100,7000,8300,8400,8400
,Aggregated,1227,0,1500.0,1999.2801973952812,282.94352000011713,8430.243119999432,31820.0,21.033488135916457,0.0,1500,2100,2700,2900,4300,5200,6100,7000,8300,8400,8400
