Type,Name,Request Count,Failure Count,Median Response Time,Average Response Time,Min Response Time,Max Response Time,Average Content Size,Requests/s,Failures/s,50%,66%,75%,80%,90%,95%,98%,99%,99.9%,99.99%,100%
GET,Imagem 253kb (arquivo),1106,0,880.0,1207.8493850316647,78.5550399996282,5073.720382000829,128743.0,18.92836792106912,0.0,880,1100,1200,1400,2900,3600,4300,4600,5000,5100,5100
GET,Imagem 253kb (pagina),1126,911,2000.0,5030.764109620783,204.8860569993849,23876.41681799869,8004.00621669627,19.27065305526567,15.591087862652776,2000,3700,4900,7400,17000,18000,20000,20000,22000,24000,24000
GET,Texto leve,1102,866,2000.0,5390.660088774963,111.21301700040931,24924.029138999686,8893.78947368421,18.859910894229813,14.820946310710543,2100,4100,6700,15000,17000,18000,20000,21000,22000,25000,25000
,Aggregated,3334,1777,1400.0,3881.5324610401995,78.5550399996282,24924.029138999686,48351.29724055189,57.05893187056461,30.412034173363317,1400,2400,3700,4500,16000,18000,19000,20000,22000,25000,25000
