Type,Name,Request Count,Failure Count,Median Response Time,Average Response Time,Min Response Time,Max Response Time,Average Content Size,Requests/s,Failures/s,50%,66%,75%,80%,90%,95%,98%,99%,99.9%,99.99%,100%
GET,Imagem 253kb (arquivo),244,0,300.0,330.6334206106497,65.15668700012611,961.9480979999935,128743.0,4.165874739066554,0.0,300,360,410,450,560,660,860,930,960,960,960
GET,Imagem 253kb (pagina),245,0,5000.0,4686.591517526559,973.1192929993995,9260.693950000132,30707.0,4.182947996193876,0.0,5000,5800,6400,6600,7200,7600,8000,8100,9300,9300,9300
GET,Imagem 530kb (arquivo),262,0,300.0,328.865844671754,27.304106999508804,904.5477300005587,191722.0,4.473193367358349,0.0,300,370,410,430,530,640,790,890,900,900,900
GET,Imagem 530kb (pagina),262,0,5400.0,4916.226798572532,790.1174929993431,8418.105569000545,30617.0,4.473193367358349,0.0,5400,5900,6300,6500,7000,7500,7900,8000,8400,8400,8400
GET,Texto leve,244,0,5200.0,4711.431293598356,901.174804999755,8721.505219999017,31820.0,4.165874739066554,0.0,5200,5900,6200,6600,7200,7500,8000,8100,8700,8700,8700
,Aggregated,1257,0,2500.0,2985.4359463731194,27.304106999508804,9260.693950000132,83495.15115354018,21.46108420904368,0.0,2500,4600,5600,5900,6700,7200,7800,8000,8700,9300,9300
