Type,Name,Request Count,Failure Count,Median Response Time,Average Response Time,Min Response Time,Max Response Time,Average Content Size,Requests/s,Failures/s,50%,66%,75%,80%,90%,95%,98%,99%,99.9%,99.99%,100%
GET,Imagem 253kb (arquivo),610,0,130.0,204.46748713775526,29.391219000899582,2208.8403800007654,128743.0,10.300502507343237,0.0,130,160,190,220,340,470,1700,2100,2200,2200,2200
GET,Imagem 253kb (pagina),611,0,2000.0,2255.2514143110116,297.3832810002932,6449.294422000094,30707.0,10.317388577027407,0.0,2000,2700,3000,3300,4100,5000,5500,5800,6400,6400,6400
GET,Texto leve,602,0,1900.0,2307.2661875963045,295.33519399956276,6683.939628999724,31820.0,10.165413949869883,0.0,1900,2700,3100,3300,4600,5300,5800,6100,6700,6700,6700
,Aggregated,1823,0,1300.0,1586.2084620027645,29.391219000899582,6683.939628999724,63878.68732857927,30.783305034240527,0.0,1300,2000,2500,2800,3600,4700,5400,5800,6500,6700,6700
