Type,Name,Request Count,Failure Count,Median Response Time,Average Response Time,Min Response Time,Max Response Time,Average Content Size,Requests/s,Failures/s,50%,66%,75%,80%,90%,95%,98%,99%,99.9%,99.99%,100%
GET,Imagem 253kb (arquivo),341,0,630.0,840.9340219940722,172.60008199991717,4070.481896998899,128743.0,5.853283153896499,0.0,630,770,850,910,1200,2900,3900,4000,4100,4100,4100
GET,Imagem 253kb (pagina),341,138,9200.0,7951.439624129045,304.8824870002136,19336.02677899944,19350.935483870966,5.853283153896499,2.368777346738173,9200,13000,14000,14000,15000,16000,18000,19000,19000,19000,19000
GET,Imagem 530kb (arquivo),317,0,570.0,811.4824469432066,185.6763879986829,4145.215111999278,191722.0,5.441321876202904,0.0,570,700,780,870,1200,3000,3900,4000,4100,4100,4100
GET,Imagem 530kb (pagina),317,114,11000.0,8559.402973526845,246.30127899945364,19687.57715100037,20558.028391167194,5.441321876202904,1.9568160690445775,11000,13000,14000,15000,15000,16000,19000,19000,20000,20000,20000
GET,Texto leve,379,146,9400.0,8041.621393514458,265.23375199940347,19594.481689999157,20581.46701846966,6.505555176911359,2.506097772636038,9400,13000,14000,14000,15000,16000,18000,19000,20000,20000,20000
,Aggregated,1695,398,1200.0,5319.49533909084,172.60008199991717,19687.57715100037,74096.26961651917,29.094765237110167,6.831691188418788,1200,7700,12000,13000,15000,16000,17000,19000,20000,20000,20000
