Type,Name,Request Count,Failure Count,Median Response Time,Average Response Time,Min Response Time,Max Response Time,Average Content Size,Requests/s,Failures/s,50%,66%,75%,80%,90%,95%,98%,99%,99.9%,99.99%,100%
GET,Texto leve,4321,3089,620.0,2463.316113739888,49.028049999833456,17430.73460600135,10964.06711409396,73.29791864319375,52.3992757900545,620,1400,4300,5900,8400,9200,10000,11000,11000,17000,17000
,Aggregated,4321,3089,620.0,2463.316113739888,49.028049999833456,17430.73460600135,10964.06711409396,73.29791864319375,52.3992757900545,620,1400,4300,5900,8400,9200,10000,11000,11000,17000,17000
