Type,Name,Request Count,Failure Count,Median Response Time,Average Response Time,Min Response Time,Max Response Time,Average Content Size,Requests/s,Failures/s,50%,66%,75%,80%,90%,95%,98%,99%,99.9%,99.99%,100%
GET,Texto leve,1820,200,3500.0,4129.11845596482,126.41066499963927,13378.81126299908,28614.065934065933,30.435643332081426,3.3445761903386186,3500,4200,5000,5500,7500,9300,11000,12000,13000,13000,13000
,Aggregated,1820,200,3500.0,4129.11845596482,126.41066499963927,13378.81126299908,28614.065934065933,30.435643332081426,3.3445761903386186,3500,4200,5000,5500,7500,9300,11000,12000,13000,13000,13000
